,City Name,Cloud density,Lat,Lng,Country,Date,Humidity,Max Tempture,Wind Speed
0,bethel,1,41.37,-73.41,US,1595306809,83,73.0,3.36
1,ushuaia,0,-54.8,-68.3,AR,1595306583,85,25.95,3.6
2,monrovia,100,6.3,-10.8,LR,1595306809,88,76.3,11.88
3,port alfred,1,-33.59,26.89,ZA,1595306809,62,58.89,8.21
4,anamur,20,36.08,32.84,TR,1595306809,88,73.4,1.12
5,upernavik,67,72.79,-56.15,GL,1595306810,58,46.69,5.48
6,busselton,88,-33.65,115.33,AU,1595306654,39,66.99,19.15
7,belogorsk,0,50.92,128.46,RU,1595306810,41,78.21,12.08
8,hobart,75,-42.88,147.33,AU,1595306629,47,57.2,11.41
9,matay,0,28.42,30.78,EG,1595306810,62,76.17,14.88
10,kindu,9,-2.95,25.95,CD,1595306810,68,68.32,0.92
11,guaruja,0,-23.99,-46.26,BR,1595306810,63,64.0,1.12
12,deputatskiy,68,69.3,139.9,RU,1595306811,43,81.46,11.05
13,ongandjera,0,-17.88,15.07,NA,1595306811,53,51.37,8.63
14,kodiak,1,57.79,-152.41,US,1595306811,46,73.4,6.93
15,tura,100,25.52,90.22,IN,1595306811,98,75.38,5.39
16,dikson,100,73.51,80.55,RU,1595306811,95,39.76,12.46
17,destin,1,30.39,-86.5,US,1595306791,83,84.2,3.36
18,barrow,90,71.29,-156.79,US,1595306812,86,33.8,9.17
19,boyuibe,51,-20.42,-63.28,BO,1595306812,82,65.82,5.7
20,smolenskoye,2,52.3,85.08,RU,1595306812,56,79.61,3.98
21,ballina,100,-28.87,153.57,AU,1595306812,55,66.2,14.99
22,hami,100,42.8,93.45,CN,1595306812,18,92.73,7.52
23,vung tau,82,10.35,107.08,VN,1595306812,65,86.13,6.85
24,miramar,20,25.99,-80.23,US,1595306812,78,84.2,9.17
25,manokwari,100,-0.87,134.08,ID,1595306812,71,82.87,1.68
26,iqaluit,90,63.75,-68.51,CA,1595306812,100,46.4,10.29
27,tiksi,95,71.69,128.87,RU,1595306813,79,52.66,9.95
28,cherskiy,82,68.75,161.3,RU,1595306813,26,78.17,6.06
29,nipawin,1,53.37,-104.0,CA,1595306813,100,57.2,4.7
30,nokaneng,0,-19.67,22.27,BW,1595306813,62,45.07,6.06
31,susangerd,75,31.56,48.18,IR,1595306813,28,95.0,2.24
32,adrar,60,20.5,-10.07,MR,1595306814,30,90.27,4.81
33,wanning,20,18.8,110.4,CN,1595306814,63,89.13,9.82
34,meulaboh,98,4.14,96.13,ID,1595306814,73,84.13,5.37
35,necochea,100,-38.55,-58.74,AR,1595306814,92,51.01,8.99
36,nome,75,64.5,-165.41,US,1595306722,81,55.99,16.11
37,ust-maya,95,60.42,134.53,RU,1595306814,44,75.36,16.22
38,tasiilaq,97,65.61,-37.64,GL,1595306814,87,42.8,4.7
39,port blair,100,11.67,92.75,IN,1595306638,65,86.22,3.22
40,umm lajj,56,25.02,37.27,SA,1595306815,48,89.78,4.65
41,vaini,20,-21.2,-175.2,TO,1595306815,69,73.4,6.93
42,west bay,79,19.37,-81.42,KY,1595306815,85,82.0,1.01
43,avarua,100,-21.21,-159.78,CK,1595306815,88,75.2,20.8
44,altayskoye,3,51.95,85.33,RU,1595306815,59,77.07,5.39
45,balakhta,87,55.38,91.6,RU,1595306815,74,71.82,5.44
46,ribeira grande,10,38.52,-28.7,PT,1595306815,69,68.54,1.52
47,ilulissat,100,69.22,-51.1,GL,1595306816,53,51.8,1.12
48,bengkulu,83,-3.8,102.27,ID,1595306816,61,86.97,7.9
49,maltahohe,0,-24.83,16.98,NA,1595306816,62,41.95,4.99
50,lompoc,90,34.64,-120.46,US,1595306816,82,60.8,9.17
51,kahului,1,20.89,-156.47,US,1595306816,62,84.2,18.34
52,touros,75,-5.2,-35.46,BR,1595306816,94,71.6,3.36
53,tessalit,21,20.2,1.01,ML,1595306817,41,84.16,10.58
54,albany,2,42.6,-73.97,US,1595306704,94,73.99,5.28
55,vardo,84,70.37,31.11,NO,1595306817,100,59.0,5.82
56,yellowknife,20,62.46,-114.35,CA,1595306817,68,66.0,8.05
57,fortuna,90,40.6,-124.16,US,1595306817,93,55.0,6.93
58,margate,0,51.38,1.39,GB,1595306817,82,57.99,1.01
59,klaksvik,24,62.23,-6.59,FO,1595306817,93,46.4,4.7
60,hilo,75,19.73,-155.09,US,1595306818,61,82.4,8.05
61,garoua,68,9.3,13.4,CM,1595306818,92,70.57,1.32
62,codrington,74,-38.27,141.97,AU,1595306818,78,53.26,9.51
63,lucapa,0,-8.42,20.74,AO,1595306818,48,54.84,4.07
64,hermanus,1,-34.42,19.23,ZA,1595306818,91,46.99,5.57
65,mahebourg,75,-20.41,57.7,MU,1595306818,56,69.8,16.11
66,tocopilla,98,-22.09,-70.2,CL,1595306818,73,57.07,1.66
67,hualmay,45,-11.1,-77.61,PE,1595306819,84,59.81,5.57
68,san quintin,0,30.48,-115.95,MX,1595306819,82,66.2,14.09
69,rikitea,92,-23.12,-134.97,PF,1595306809,71,67.28,20.47
70,jamestown,1,42.1,-79.24,US,1595306816,77,64.99,0.94
71,tateyama,75,34.98,139.87,JP,1595306819,88,82.0,1.12
72,mataura,97,-46.19,168.86,NZ,1595306819,87,46.36,1.81
73,buford,20,34.12,-84.0,US,1595306819,83,79.0,0.09
74,punta arenas,3,-53.15,-70.92,CL,1595306643,100,28.4,1.12
75,muisne,99,0.6,-80.03,EC,1595306820,87,72.99,11.45
76,khandyga,96,62.67,135.6,RU,1595306820,36,82.02,11.92
77,mar del plata,90,-38.0,-57.56,AR,1595306627,87,52.0,16.11
78,qaanaaq,49,77.48,-69.36,GL,1595306820,70,45.64,2.06
79,chistogorskiy,13,53.98,87.38,RU,1595306820,76,74.39,6.33
80,de-kastri,100,51.47,140.78,RU,1595306820,86,61.48,10.67
81,aklavik,75,68.22,-135.01,CA,1595306528,75,46.4,12.75
82,teya,100,60.38,92.63,RU,1595306820,89,54.36,4.0
83,praia da vitoria,75,38.73,-27.07,PT,1595306821,77,69.8,4.18
84,ishigaki,20,24.34,124.16,JP,1595306821,79,89.6,6.93
85,longyearbyen,40,78.22,15.64,SJ,1595306821,71,50.0,5.82
86,neryungri,16,56.67,124.65,RU,1595306821,47,67.21,14.5
87,converse,1,29.52,-98.32,US,1595306641,62,84.2,5.82
88,kaitangata,20,-46.28,169.85,NZ,1595306821,58,52.0,4.0
89,esperance,100,-33.87,121.9,AU,1595306821,62,57.2,16.11
90,lasa,20,46.62,10.7,IT,1595306821,100,62.01,3.36
91,puerto ayora,100,-0.74,-90.35,EC,1595306814,87,69.01,1.01
92,butaritari,74,3.07,172.79,KI,1595306822,66,83.57,4.94
93,kuytun,53,54.34,101.5,RU,1595306822,42,71.11,7.18
94,alyangula,40,-13.85,136.42,AU,1595306822,37,82.4,9.17
95,kabo,58,7.7,18.63,CF,1595306822,98,67.08,3.51
96,saldanha,0,-33.01,17.94,ZA,1595306822,87,42.8,2.24
97,atuona,40,-9.8,-139.03,PF,1595306818,79,80.35,19.08
98,katangli,100,51.71,143.23,RU,1595306822,90,54.88,14.94
99,greenville,1,35.61,-77.37,US,1595306822,83,78.01,6.93
100,gweru,6,-19.45,29.82,ZW,1595306822,97,44.51,5.61
101,itaituba,55,-4.28,-55.98,BR,1595306823,66,73.71,1.66
102,rongcheng,100,30.63,117.85,CN,1595306823,99,84.99,2.21
103,mogadishu,90,2.04,45.34,SO,1595306823,69,77.0,20.8
104,lebu,100,-37.62,-73.65,CL,1595306823,83,50.5,13.94
105,chicama,31,-7.84,-79.15,PE,1595306823,87,60.13,2.84
106,joensuu,53,62.6,29.76,FI,1595306823,82,66.99,1.12
107,richards bay,0,-28.78,32.04,ZA,1595306823,56,54.66,5.01
108,cape town,0,-33.93,18.42,ZA,1595306583,62,55.4,10.29
109,faanui,29,-16.48,-151.75,PF,1595306824,82,77.81,25.55
110,fairbanks,90,64.84,-147.72,US,1595306824,77,66.2,8.05
111,bambous virieux,75,-20.34,57.76,MU,1595306824,56,71.01,16.11
112,hobyo,85,5.35,48.53,SO,1595306824,65,80.67,27.16
113,puerto narino,79,-3.77,-70.38,CO,1595306824,98,71.15,1.05
114,ponta do sol,40,32.67,-17.1,PT,1595306824,68,69.8,9.17
115,caravelas,3,-17.71,-39.25,BR,1595306825,88,68.76,4.99
116,piacabucu,83,-10.41,-36.43,BR,1595306825,83,72.97,11.65
117,komsomolskiy,1,40.43,71.72,UZ,1595306825,26,84.2,6.93
118,saint-philippe,90,-21.36,55.77,RE,1595306825,60,69.8,13.87
119,coquimbo,69,-29.95,-71.34,CL,1595306825,81,50.0,8.05
120,airai,100,-8.93,125.41,TL,1595306825,51,73.04,4.25
121,college,75,64.86,-147.8,US,1595306826,68,66.2,5.82
122,vila franca do campo,90,37.72,-25.43,PT,1595306826,88,66.2,4.7
123,mount isa,88,-20.73,139.5,AU,1595306826,25,77.0,8.05
124,laguna,1,38.42,-121.42,US,1595306612,60,71.6,4.7
125,cidreira,64,-30.18,-50.21,BR,1595306826,84,64.69,4.38
126,imbituba,3,-28.24,-48.67,BR,1595306595,93,64.4,6.93
127,victoria,20,22.29,114.16,HK,1595306826,59,91.0,11.01
128,clyde river,90,70.47,-68.59,CA,1595306827,100,42.8,11.41
129,fort smith,1,35.39,-94.4,US,1595306827,65,82.4,4.7
130,yar-sale,100,66.83,70.83,RU,1595306827,80,58.21,8.01
131,moissala,90,8.34,17.77,TD,1595306827,97,69.15,3.6
132,biak,5,-0.91,122.88,ID,1595306828,71,82.83,5.88
133,severo-kurilsk,42,50.68,156.12,RU,1595306828,80,53.76,3.62
134,chuy,98,-33.7,-53.46,UY,1595306828,87,65.17,5.28
135,umea,75,63.83,20.26,SE,1595306663,100,62.01,5.59
136,bredasdorp,17,-34.53,20.04,ZA,1595306828,93,51.8,6.93
137,khatanga,74,71.97,102.5,RU,1595306828,47,60.58,4.29
138,dukat,0,62.55,155.55,RU,1595306828,34,69.48,8.97
139,georgetown,20,5.41,100.34,MY,1595306828,70,89.6,2.24
140,nikolskoye,100,59.7,30.79,RU,1595306817,77,71.01,4.47
141,nuuk,100,64.18,-51.72,GL,1595306829,58,55.4,2.24
142,huangmei,100,30.19,116.03,CN,1595306829,85,78.96,2.93
143,barra do garcas,0,-15.89,-52.26,BR,1595306829,55,63.63,0.81
144,emba,44,48.83,58.14,KZ,1595306829,29,82.71,7.07
145,mitu,97,1.2,-70.17,CO,1595306829,97,70.39,0.43
146,sandnessjoen,40,66.02,12.63,NO,1595306830,81,53.6,5.82
147,bukan,0,36.52,46.21,IR,1595306830,16,91.72,12.08
148,ambanja,6,-13.68,48.45,MG,1595306830,53,71.65,3.91
149,japura,79,-0.32,102.35,ID,1595306830,53,91.26,3.4
150,san juan,17,-31.54,-68.54,AR,1595306583,69,47.98,8.16
151,kankon,40,15.02,74.02,IN,1595306830,79,84.2,4.7
152,haines junction,41,60.75,-137.51,CA,1595306648,63,57.99,4.68
153,ancud,75,-41.87,-73.82,CL,1595306831,100,48.0,4.7
154,sovetskaya gavan,100,48.97,140.29,RU,1595306831,98,58.77,6.71
155,plettenberg bay,0,-34.05,23.37,ZA,1595306831,39,59.95,5.59
156,dingle,65,11.0,122.67,PH,1595306831,70,86.77,4.85
157,aksarka,88,66.56,67.8,RU,1595306831,53,67.69,6.93
158,saint-leu,90,-21.15,55.28,RE,1595306832,60,69.8,13.87
159,magadi,20,12.97,77.23,IN,1595306832,78,82.0,6.93
160,kavieng,8,-2.57,150.8,PG,1595306832,68,85.39,9.89
161,mulbagal,100,13.17,78.4,IN,1595306832,64,80.73,6.04
162,batticaloa,100,7.71,81.69,LK,1595306832,68,84.61,2.1
163,lahij,100,13.17,44.58,YE,1595306832,57,83.05,13.09
164,santa maria,80,-29.68,-53.81,BR,1595306648,77,68.25,5.66
165,harper,47,4.38,-7.72,LR,1595306832,90,75.34,8.19
166,cabo san lucas,8,22.89,-109.91,MX,1595306599,48,84.99,11.23
167,camana,26,-16.62,-72.71,PE,1595306833,78,57.45,6.08
168,castro,5,-24.79,-50.01,BR,1595306833,83,52.95,2.59
169,east london,75,-33.02,27.91,ZA,1595306833,81,53.6,9.17
170,kapaa,90,22.08,-159.32,US,1595306833,65,82.4,18.34
171,port lincoln,92,-34.73,135.87,AU,1595306833,67,54.57,6.69
172,takoradi,82,4.88,-1.76,GH,1595306833,91,74.98,4.99
173,tual,98,-5.67,132.75,ID,1595306833,84,79.74,17.69
174,balad,0,34.02,44.15,IQ,1595306833,10,99.19,18.21
175,santa cruz del norte,20,23.15,-81.92,CU,1595306833,94,75.2,4.7
176,torbay,90,47.67,-52.73,CA,1595306834,93,66.2,26.4
177,alghero,0,40.56,8.32,IT,1595306834,82,70.0,3.36
178,asau,1,46.43,26.4,RO,1595306834,93,61.0,2.24
179,victor harbor,86,-35.57,138.62,AU,1595306834,83,54.0,4.88
180,makakilo city,1,21.35,-158.09,US,1595306834,54,84.2,8.05
181,xuanhua,40,40.61,115.04,CN,1595306834,41,88.16,9.42
182,srivardhan,100,18.03,73.02,IN,1595306834,77,83.93,11.34
183,yulara,90,-25.24,130.99,AU,1595306834,58,59.0,13.87
184,arraial do cabo,0,-22.97,-42.03,BR,1595306805,84,70.07,18.23
185,saskylakh,100,71.92,114.08,RU,1595306835,43,61.68,11.61
186,sao joao da barra,0,-21.64,-41.05,BR,1595306828,90,70.11,10.13
187,santa vitoria do palmar,96,-33.52,-53.37,BR,1595306835,86,66.06,6.33
188,ponca city,1,36.71,-97.09,US,1595306835,69,82.99,5.82
189,new norfolk,77,-42.78,147.06,AU,1595306835,78,55.99,1.01
190,mehamn,95,71.04,27.85,NO,1595306835,87,55.4,5.82
191,norman wells,90,65.28,-126.83,CA,1595306836,87,59.0,12.75
192,bluff,86,-46.6,168.33,NZ,1595306836,81,50.63,5.1
193,padang,20,-0.95,100.35,ID,1595306836,74,86.0,4.7
194,lingao,42,19.91,109.69,CN,1595306836,47,94.89,1.23
195,umm kaddadah,24,13.6,26.69,SD,1595306837,67,78.08,12.84
196,magadan,9,59.57,150.8,RU,1595306837,59,64.08,7.34
197,norilsk,75,69.35,88.2,RU,1595306837,100,51.8,17.9
198,dalby,75,-27.18,151.27,AU,1595306837,39,66.2,10.29
199,miki,75,34.8,134.98,JP,1595306837,70,93.2,11.41
200,hokitika,89,-42.72,170.97,NZ,1595306838,79,52.03,10.07
201,gizo,48,-8.1,156.84,SB,1595306838,81,80.92,19.69
202,changtu,48,42.78,124.1,CN,1595306838,44,86.99,6.44
203,kaeo,28,-35.1,173.78,NZ,1595306812,3,55.99,8.99
204,verkhnyaya toyma,69,62.23,45.0,RU,1595306838,62,68.23,6.29
205,ordzhonikidze,68,52.44,61.74,KZ,1595306839,76,70.75,10.25
206,koumac,91,-20.57,164.28,NC,1595306839,61,71.17,14.94
207,hinche,61,19.15,-72.02,HT,1595306839,69,80.6,8.05
208,san carlos,96,9.66,-68.58,VE,1595306839,94,72.36,0.72
209,souillac,75,-20.52,57.52,MU,1595306839,56,69.8,16.11
210,jiayuguan,100,39.82,98.3,CN,1595306839,16,83.98,2.55
211,peniche,89,39.36,-9.38,PT,1595306839,78,70.0,3.0
212,vani,90,42.08,42.52,GE,1595306839,83,77.0,5.82
213,aripuana,83,-9.17,-60.63,BR,1595306840,60,71.94,2.08
214,fergus falls,90,46.28,-96.08,US,1595306840,88,64.4,5.82
215,muroto,75,33.28,134.15,JP,1595306840,79,84.2,6.93
216,urucara,60,-2.54,-57.76,BR,1595306840,73,75.16,1.59
217,vetluga,100,57.86,45.78,RU,1595306840,92,61.2,6.53
218,port elizabeth,75,-33.92,25.57,ZA,1595306840,93,55.4,6.93
219,kletskaya,15,49.31,43.06,RU,1595306840,54,73.0,1.99
220,kandrian,37,-6.22,149.55,PG,1595306841,79,81.55,14.03
221,moskovskiy,75,55.6,37.35,RU,1595306841,93,61.0,6.71
222,sisimiut,100,66.94,-53.67,GL,1595306841,78,50.27,2.89
223,bonthe,100,7.53,-12.51,SL,1595306841,93,74.53,6.82
224,kloulklubed,75,7.04,134.26,PW,1595306841,66,87.8,5.82
225,tabuk,11,17.42,121.44,PH,1595306841,59,89.82,5.32
226,zaysan,100,47.47,84.87,KZ,1595306841,22,90.61,13.15
227,constitucion,99,-35.33,-72.42,CL,1595306827,88,51.06,10.89
228,rovinj,0,45.08,13.64,HR,1595306841,88,66.2,8.05
229,kaohsiung,40,22.62,120.31,TW,1595306768,63,91.4,10.29
230,sabang,100,5.89,95.32,ID,1595306842,69,84.02,6.89
231,alofi,75,-19.06,-169.92,NU,1595306842,88,80.6,6.93
232,bathsheba,40,13.22,-59.52,BB,1595306842,74,80.6,20.8
233,marand,40,38.43,45.77,IR,1595306842,25,87.8,6.93
234,tucuman,99,-26.82,-65.22,AR,1595306808,77,62.6,4.7
235,mujiayingzi,97,42.12,118.78,CN,1595306842,34,89.53,12.01
236,basco,61,20.45,121.97,PH,1595306843,77,85.6,11.92
237,ternate,58,0.8,127.4,ID,1595306843,69,83.98,5.44
238,vanavara,13,60.34,102.28,RU,1595306843,38,69.94,3.29
239,nouakchott,48,18.09,-15.98,MR,1595306563,86,77.16,13.42
240,rabaul,7,-4.2,152.17,PG,1595306843,69,85.95,8.75
241,ha giang,100,22.83,104.98,VN,1595306843,77,84.34,4.41
242,mehran,0,33.12,46.16,IR,1595306843,18,87.8,4.7
243,kampli,100,15.4,76.62,IN,1595306843,69,80.22,6.98
244,concarneau,0,47.88,-3.92,FR,1595306843,93,53.6,6.93
245,mosjoen,75,65.84,13.19,NO,1595306844,93,53.01,2.24
246,thinadhoo,97,0.53,72.93,MV,1595306844,73,84.54,9.06
247,kampot,20,10.62,104.18,KH,1595306844,66,89.6,6.93
248,winnemucca,1,40.97,-117.74,US,1595306844,14,78.8,6.93
249,mount gambier,75,-37.83,140.77,AU,1595306845,81,53.6,9.17
250,huacho,45,-11.11,-77.61,PE,1595306845,84,59.88,5.73
251,faya,99,18.39,42.45,SA,1595306845,72,68.0,8.25
252,pucallpa,3,-8.38,-74.55,PE,1595306845,84,73.27,1.72
253,baracoa,88,20.35,-74.5,CU,1595306845,84,80.51,9.4
254,snezhnogorsk,89,69.19,33.25,RU,1595306845,60,69.8,6.71
255,grindavik,40,63.84,-22.43,IS,1595306839,87,44.6,1.5
256,alice springs,90,-23.7,133.88,AU,1595306555,66,55.4,13.87
257,bari,0,41.12,16.85,IT,1595306846,68,70.0,3.36
258,carver,43,44.8,-93.78,US,1595306846,76,73.0,7.78
259,carnarvon,0,-24.87,113.63,AU,1595306846,31,78.8,11.41
260,shizunai,100,42.33,142.37,JP,1595306846,85,68.76,13.13
261,provideniya,90,64.38,-173.3,RU,1595306846,76,50.0,6.71
262,ahualulco,75,22.4,-101.17,MX,1595306706,72,64.4,3.36
263,srednekolymsk,37,67.45,153.68,RU,1595306846,28,83.03,13.38
264,flin flon,36,54.77,-101.86,CA,1595306746,64,59.36,4.7
265,turukhansk,100,65.82,87.98,RU,1595306847,76,53.71,9.31
266,taltal,100,-25.4,-70.48,CL,1595306806,72,56.48,1.52
267,verkhnyaya inta,11,65.98,60.31,RU,1595306847,54,67.21,6.91
268,kupang,40,-10.17,123.58,ID,1595306847,45,87.8,10.29
269,hofn,69,64.25,-15.21,IS,1595306847,71,52.59,3.18
270,nuoro,0,40.32,9.33,IT,1595306847,88,73.0,5.82
271,magistralnyy,23,56.17,107.45,RU,1595306847,37,69.96,1.61
272,vila velha,40,-20.33,-40.29,BR,1595306597,93,66.2,2.24
273,bocas del toro,100,9.33,-82.25,PA,1595306847,100,63.0,6.11
274,smithers,90,54.78,-127.17,CA,1595306848,100,59.0,2.15
275,bandarbeyla,84,9.49,50.81,SO,1595306848,48,83.23,34.09
276,onega,3,63.91,38.14,RU,1595306848,61,65.62,4.65
277,labuhan,35,-6.88,112.21,ID,1595306848,64,86.95,7.96
278,lorengau,56,-2.02,147.27,PG,1595306848,65,85.82,8.93
279,tricase,5,39.93,18.36,IT,1595306789,93,70.0,5.82
280,bilma,35,18.69,12.92,NE,1595306848,33,84.07,0.18
281,banff,18,51.18,-115.57,CA,1595306848,76,60.01,7.0
282,warmbad,0,-28.45,18.73,NA,1595306848,33,55.31,8.88
283,ulladulla,0,-35.35,150.47,AU,1595306849,41,59.0,9.17
284,sao jose da coroa grande,86,-8.9,-35.15,BR,1595306849,78,73.35,11.25
285,hithadhoo,100,-0.6,73.08,MV,1595306849,76,84.18,8.93
286,nagorsk,100,59.32,50.81,RU,1595306849,93,59.02,9.19
287,hasaki,75,35.73,140.83,JP,1595306849,88,82.0,9.17
288,mathbaria,97,22.29,89.96,BD,1595306849,81,83.01,14.41
289,ngunguru,45,-35.62,174.5,NZ,1595306849,3,55.99,8.99
290,manikpur,100,25.07,81.12,IN,1595306850,58,90.86,14.32
291,marquette,0,46.53,-87.63,US,1595306850,91,53.01,3.51
292,bestobe,90,52.5,73.1,KZ,1595306850,58,71.85,15.1
293,porto novo,40,6.5,2.6,BJ,1595306850,94,77.0,8.05
294,zilair,0,52.23,57.44,RU,1595306850,57,72.91,4.68
295,anchorage,40,61.22,-149.9,US,1595306851,56,69.8,5.82
296,carbonia,5,39.17,8.52,IT,1595306851,88,73.0,2.24
297,chegutu,2,-18.13,30.14,ZW,1595306851,89,46.31,6.29
298,latung,8,5.5,120.88,PH,1595306851,70,84.58,7.78
299,daru,61,-9.08,143.21,PG,1595306851,81,79.43,14.65
300,menongue,0,-14.66,17.69,AO,1595306851,68,43.88,5.1
301,gat,1,31.61,34.76,IL,1595306851,65,79.0,3.15
302,kavaratti,75,10.57,72.64,IN,1595306852,79,84.2,13.87
303,merauke,68,-8.47,140.33,ID,1595306852,78,79.72,16.37
304,bontang,89,0.13,117.5,ID,1595306852,74,83.17,2.8
305,havoysund,20,71.0,24.66,NO,1595306849,93,53.6,13.87
306,belmonte,75,-15.86,-38.88,BR,1595306853,73,75.2,9.17
307,baghmara,100,23.8,86.21,IN,1595306853,60,89.19,7.9
308,flinders,5,-34.58,150.86,AU,1595306853,41,60.01,9.17
309,marawi,52,8.0,124.29,PH,1595306853,83,81.0,5.99
310,aswan,0,24.09,32.91,EG,1595306854,19,91.72,15.68
311,luganville,40,-15.53,167.17,VU,1595306854,57,78.8,4.7
312,saint-georges,20,12.06,-61.75,GD,1595306854,88,80.6,14.99
313,tautira,20,-17.73,-149.15,PF,1595306854,74,78.8,6.93
314,victoria point,100,-27.58,153.3,AU,1595306854,52,69.01,11.01
315,makat,58,47.65,53.35,KZ,1595306854,22,92.26,12.8
316,augusto correa,3,-1.02,-46.63,BR,1595306854,96,71.26,1.36
317,oktyabrskoye,1,43.06,44.74,RU,1595306855,53,77.0,11.18
318,weligama,100,5.97,80.42,LK,1595306855,71,84.2,4.68
319,tuatapere,84,-46.13,167.68,NZ,1595306855,89,46.99,10.4
320,boende,2,-0.22,20.87,CD,1595306855,80,68.7,2.19
321,vigeland,30,58.08,7.3,NO,1595306855,74,54.0,14.0
322,sao miguel do araguaia,0,-13.28,-50.16,BR,1595306855,48,65.75,5.14
323,atambua,100,-9.11,124.89,ID,1595306856,47,82.92,1.16
324,watertown,1,42.37,-71.18,US,1595306856,57,81.0,4.7
325,arroyo,0,41.61,-4.8,ES,1595306856,87,63.0,9.17
326,eyl,69,7.98,49.82,SO,1595306856,42,84.18,35.41
327,manzhouli,63,49.6,117.43,CN,1595306856,37,73.49,14.83
328,chokurdakh,58,70.63,147.92,RU,1595306832,30,84.16,14.34
329,nuevo emperador,100,9.0,-79.73,PA,1595306857,88,77.0,2.24
330,santa isabel do rio negro,96,-0.41,-65.02,BR,1595306857,93,72.41,1.95
331,sao filipe,41,14.9,-24.5,CV,1595306857,81,75.79,10.36
332,nanortalik,68,60.14,-45.24,GL,1595306857,62,47.73,2.04
333,sayan,0,-11.14,-77.19,PE,1595306857,60,58.73,0.31
334,torres,10,-29.34,-49.73,BR,1595306857,85,63.77,3.6
335,kirakira,31,-10.45,161.92,SB,1595306858,69,80.53,10.45
336,chapais,75,49.78,-74.85,CA,1595306858,93,51.8,8.05
337,buala,63,-8.14,159.59,SB,1595306858,80,82.0,11.65
338,golkoy,75,40.69,37.62,TR,1595306858,65,78.8,11.41
339,naron,90,43.52,-8.15,ES,1595306858,82,64.4,9.17
340,fare,65,-16.7,-151.02,PF,1595306858,80,77.74,24.16
341,korla,76,41.76,86.15,CN,1595306859,77,71.01,2.53
342,high level,75,58.52,-117.14,CA,1595306859,77,68.0,2.24
343,avera,1,33.19,-82.53,US,1595306858,69,80.6,4.7
344,romny,8,50.75,33.47,UA,1595306859,74,66.69,6.69
345,beloha,0,-25.17,45.05,MG,1595306859,67,60.46,8.3
346,hamilton,75,39.18,-84.53,US,1595306723,78,78.01,4.56
347,paamiut,100,61.99,-49.67,GL,1595306859,67,47.77,5.61
348,ulcinj,0,41.93,19.22,ME,1595306859,56,71.6,2.24
349,nabire,72,-3.37,135.48,ID,1595306859,65,85.75,5.14
350,mildura,80,-34.2,142.15,AU,1595306859,58,55.4,5.82
351,kaabong,61,3.48,34.15,UG,1595306860,78,63.66,7.9
352,zheleznodorozhnyy,75,55.75,38.0,RU,1595306601,100,61.0,6.71
353,vallenar,62,-28.57,-70.76,CL,1595306860,56,54.9,0.4
354,banda aceh,100,5.56,95.32,ID,1595306860,71,84.07,3.31
355,gao,81,16.64,1.64,ML,1595306860,55,83.08,13.06
356,odweyne,89,9.41,45.06,SO,1595306861,57,71.38,25.37
357,orgita,98,58.92,24.45,EE,1595306861,99,64.0,2.17
358,golovino,100,55.96,40.43,RU,1595306861,98,58.03,7.2
359,cortez,1,37.35,-108.59,US,1595306861,42,70.0,3.36
360,belyy yar,40,53.6,91.39,RU,1595306861,50,77.0,2.24
361,luderitz,0,-26.65,15.16,NA,1595306861,34,59.0,8.05
362,beringovskiy,70,63.05,179.32,RU,1595306861,75,46.87,7.7
363,ilam,100,26.92,87.92,NP,1595306861,90,69.44,0.45
364,athabasca,100,54.72,-113.29,CA,1595306862,83,59.5,0.74
365,kapoeta,21,4.77,33.59,SS,1595306862,74,74.12,2.53
366,petropavlovsk-kamchatskiy,75,53.05,158.65,RU,1595306628,77,60.8,13.42
367,ojhar,96,20.1,73.93,IN,1595306862,77,79.83,10.58
368,husavik,75,66.04,-17.34,IS,1595306862,93,42.8,2.01
369,kruisfontein,0,-34.0,24.73,ZA,1595306862,91,51.26,6.11
370,yumen,100,40.28,97.2,CN,1595306862,19,85.21,11.59
371,nowy dwor mazowiecki,75,52.43,20.72,PL,1595306862,100,63.0,6.93
372,bairiki,75,1.33,172.98,KI,1595306863,74,84.2,3.36
373,saint-dizier,0,48.42,5.08,FR,1595306863,67,57.2,1.12
374,havelock,1,34.88,-76.9,US,1595306863,44,84.0,4.7
375,challapata,77,-18.9,-66.77,BO,1595306863,51,43.03,4.12
376,isangel,40,-19.55,169.27,VU,1595306863,65,77.0,9.17
377,keningau,20,5.34,116.16,MY,1595306863,75,89.6,6.93
378,pisco,0,-13.7,-76.22,PE,1595306864,87,55.99,4.7
379,iskateley,0,67.68,53.15,RU,1595306864,53,69.71,7.36
380,esmeraldas,75,-19.76,-44.31,BR,1595306864,72,64.4,2.24
381,talakan,5,50.32,130.37,RU,1595306864,45,78.62,8.75
382,guerrero negro,0,27.98,-114.06,MX,1595306658,73,68.92,12.48
383,sola,99,-13.88,167.55,VU,1595306634,68,76.75,14.09
384,contai,100,21.78,87.75,IN,1595306865,79,84.87,13.31
385,amurzet,0,47.7,131.1,RU,1595306865,62,80.2,9.46
386,fougamou,87,-1.22,10.58,GA,1595306865,92,68.41,0.6
387,liverpool,12,53.41,-2.98,GB,1595306632,93,50.0,4.7
388,ahipara,8,-35.17,173.17,NZ,1595306865,77,56.79,13.58
389,rehau,82,50.25,12.03,DE,1595306865,91,57.0,5.82
390,carutapera,3,-1.2,-46.02,BR,1595306865,91,73.09,3.2
391,kokkola,99,63.84,23.13,FI,1595306866,88,63.0,5.82
392,nanzhang,100,31.78,111.84,CN,1595306866,92,75.09,5.12
393,rafraf,0,37.19,10.18,TN,1595306866,72,68.0,3.36
394,kenai,1,60.55,-151.26,US,1595306866,56,68.0,14.99
395,halifax,33,44.65,-63.57,CA,1595306744,91,68.0,7.36
396,riyadh,81,24.69,46.72,SA,1595306722,12,96.8,10.29
397,kemijarvi,67,66.71,27.43,FI,1595306866,80,65.97,5.55
398,baikunthpur,99,23.25,82.55,IN,1595306866,86,76.84,10.85
399,carballo,90,43.21,-8.69,ES,1595306867,82,64.4,9.17
400,ambilobe,23,-13.2,49.05,MG,1595306867,52,72.82,4.56
401,aquiraz,75,-3.9,-38.39,BR,1595306867,94,73.4,5.82
402,abbotsford,40,49.06,-122.25,CA,1595306807,73,71.6,8.05
403,port huron,40,42.97,-82.42,US,1595306867,77,68.0,5.82
404,san jose,20,37.34,-121.89,US,1595306648,77,64.4,8.05
405,mae sai,75,20.43,99.88,TH,1595306867,88,78.8,4.7
406,chifeng,96,42.27,118.96,CN,1595306867,32,90.72,9.01
407,gulfport,1,30.37,-89.09,US,1595306602,83,84.0,3.36
408,bonfim,74,3.08,-59.95,BR,1595306868,88,74.53,1.63
409,oskarshamn,0,57.26,16.45,SE,1595306868,88,55.0,5.99
410,samana,8,19.21,-69.34,DO,1595306868,87,78.28,8.7
411,axim,89,4.87,-2.24,GH,1595306868,92,74.91,4.38
412,karasjok,90,69.47,25.51,NO,1595306868,93,53.6,2.24
413,doaba,40,33.42,70.74,PK,1595306869,51,82.63,7.14
414,frolovo,32,49.77,43.66,RU,1595306869,54,73.0,1.99
415,lata,89,40.16,-8.33,PT,1595306869,68,72.0,4.0
416,pangnirtung,78,66.15,-65.71,CA,1595306869,73,49.82,2.53
417,lagoa,0,39.05,-27.98,PT,1595306869,70,68.05,2.46
418,eslov,62,55.84,13.3,SE,1595306705,82,57.99,8.05
419,saint george,1,37.1,-113.58,US,1595306652,12,96.8,9.17
420,copiapo,100,-27.37,-70.33,CL,1595306870,93,50.0,0.63
421,griffith,1,41.53,-87.42,US,1595306591,83,75.2,3.36
422,berlevag,100,70.86,29.09,NO,1595306870,87,55.4,5.82
423,sika,75,13.35,-16.34,GM,1595306870,100,75.2,10.8
424,thompson,75,55.74,-97.86,CA,1595306857,82,59.0,2.24
425,nalut,0,30.33,10.85,LY,1595306870,72,69.21,13.8
426,zhanakorgan,0,43.91,67.25,KZ,1595306870,12,98.28,11.86
427,novovarshavka,58,54.17,74.69,RU,1595306870,66,66.54,12.28
428,bilibino,33,68.05,166.44,RU,1595306871,27,75.83,4.76
429,katsuura,75,35.13,140.3,JP,1595306871,88,82.0,6.93
430,turhal,20,40.39,36.08,TR,1595306871,68,71.6,4.7
431,monteagudo,91,-19.82,-63.98,BO,1595306871,80,61.41,2.1
432,ixtapa,40,20.7,-105.2,MX,1595306871,79,84.2,3.36
433,abu samrah,0,35.3,37.18,SY,1595306871,47,80.64,14.03
434,san ramon,1,37.78,-121.98,US,1595306618,55,64.99,10.29
435,bose,0,45.46,8.01,IT,1595306872,77,72.0,1.99
436,rio grande,100,-32.03,-52.1,BR,1595306682,84,66.0,8.9
437,katima mulilo,0,-17.5,24.27,NA,1595306872,80,35.6,1.12
438,marsh harbour,90,26.54,-77.06,BS,1595306872,81,82.35,15.5
439,pandan,100,14.05,124.17,PH,1595306872,76,85.64,7.61
440,pinar del rio,69,22.42,-83.7,CU,1595306872,86,76.77,3.83
441,veshenskaya,0,49.63,41.73,RU,1595306872,57,72.05,4.32
442,abong mbang,100,3.98,13.18,CM,1595306873,98,66.7,2.86
443,ahuimanu,75,21.44,-157.84,US,1595306873,62,84.2,12.75
444,los llanos de aridane,90,28.66,-17.92,ES,1595306873,73,71.6,20.8
445,wuwei,46,37.93,102.64,CN,1595306873,32,90.0,1.99
446,iralaya,58,15.0,-83.23,HN,1595306873,83,80.26,6.62
447,broome,1,42.25,-75.83,US,1595306645,64,69.8,4.7
448,geraldton,0,-28.77,114.6,AU,1595306873,52,69.8,21.92
449,muros,7,42.78,-9.06,ES,1595306874,76,66.99,5.01
450,port keats,12,-14.25,129.55,AU,1595306874,24,87.93,5.86
451,shenjiamen,93,29.96,122.3,CN,1595306874,86,80.85,15.79
452,port-cartier,20,50.03,-66.87,CA,1595306874,68,66.0,9.17
453,the valley,20,18.22,-63.06,AI,1595306874,74,84.2,8.05
454,buraydah,5,26.33,43.98,SA,1595306874,27,86.0,2.24
455,nkayi,10,-4.18,13.29,CG,1595306874,85,69.64,2.77
456,mumford,99,5.26,-0.76,GH,1595306874,94,74.37,7.16
457,karratha,0,-20.74,116.85,AU,1595306808,30,78.17,13.67
458,luang prabang,75,19.89,102.13,LA,1595306875,55,86.0,6.93
459,west plains,1,36.73,-91.85,US,1595306875,78,79.0,4.7
460,zhangye,94,38.93,100.45,CN,1595306875,13,88.63,11.63
461,golden,20,39.76,-105.22,US,1595306722,44,75.2,4.7
462,saint-ambroise,40,48.55,-71.33,CA,1595306875,77,59.0,9.17
463,antsohihy,0,-14.88,47.99,MG,1595306875,54,73.4,10.65
464,sioux lookout,20,50.1,-91.92,CA,1595306720,87,53.6,2.24
465,moscow,75,55.75,37.62,RU,1595306746,100,61.0,4.47
466,vestmanna,38,62.16,-7.17,FO,1595306875,93,46.4,4.7
467,wheatley,0,51.75,-1.14,GB,1595306875,93,46.99,1.12
468,sopron,0,47.69,16.59,HU,1595306875,93,62.01,3.36
469,ndjole,99,-0.18,10.76,GA,1595306876,90,70.75,1.74
470,callaguip,0,18.07,120.49,PH,1595306876,68,85.96,7.25
471,arenapolis,48,-14.45,-56.85,BR,1595306876,50,69.31,4.47
472,kayerkan,75,69.35,87.76,RU,1595306876,100,51.8,17.9
473,dunedin,50,-45.87,170.5,NZ,1595306707,45,59.0,1.01
474,balikpapan,40,-1.27,116.83,ID,1595306876,94,82.4,8.05
475,tevriz,0,57.51,72.4,RU,1595306877,49,68.65,10.85
476,ayna,0,-12.65,-73.92,PE,1595306877,58,57.92,3.0
477,mabaruma,91,8.2,-59.78,GY,1595306877,91,76.03,3.67
478,ahuachapan,99,13.92,-89.84,SV,1595306877,94,71.01,0.27
479,ushtobe,67,45.25,77.98,KZ,1595306877,20,92.88,13.47
480,fredericton,1,45.95,-66.67,CA,1595306877,82,71.6,3.36
481,balaipungut,40,1.05,101.28,ID,1595306877,66,86.0,11.41
482,mukhen,100,48.1,136.1,RU,1595306878,90,69.4,4.07
483,waitati,53,-45.75,170.57,NZ,1595306878,61,59.0,5.01
484,salalah,90,17.02,54.09,OM,1595306878,94,80.6,2.24
485,paita,54,-5.09,-81.11,PE,1595306878,85,61.61,9.62
486,sokoni,15,-6.43,39.55,TZ,1595306879,74,76.69,16.55
487,nyurba,100,63.28,118.33,RU,1595306879,98,61.65,2.82
488,pudozh,100,61.81,36.53,RU,1595306879,61,65.93,4.14
489,rio gallegos,75,-51.62,-69.22,AR,1595306879,100,14.0,2.24
490,christchurch,15,-43.53,172.63,NZ,1595306879,47,59.0,6.93
491,fukue,75,32.69,128.84,JP,1595306879,89,84.2,11.41
492,ardakan,0,32.31,54.02,IR,1595306879,19,86.0,4.7
493,birao,27,10.28,22.79,CF,1595306879,93,69.46,3.42
494,sabya,100,17.15,42.63,SA,1595306880,59,89.6,9.17
495,paraiso,40,9.84,-83.87,CR,1595306880,100,69.8,3.36
496,tuktoyaktuk,90,69.45,-133.04,CA,1595306880,80,41.0,12.75
497,camrose,61,53.02,-112.84,CA,1595306880,71,64.0,6.22
498,bac lieu,100,9.29,105.72,VN,1595306669,60,88.02,6.98
499,yenagoa,98,4.92,6.26,NG,1595306880,91,74.37,6.53
500,saint-francois,65,46.42,3.91,FR,1595306880,72,66.99,2.24
501,namibe,0,-15.2,12.15,AO,1595306880,61,64.67,5.21
502,abay,33,49.63,72.85,KZ,1595306881,57,75.2,11.18
503,montepuez,94,-13.13,39.0,MZ,1595306881,71,63.1,9.69
504,lamu,49,-2.27,40.9,KE,1595306881,77,77.45,18.61
505,sao geraldo do araguaia,26,-6.4,-48.55,BR,1595306881,52,71.62,1.83
506,bredy,59,52.42,60.34,RU,1595306881,81,67.55,8.99
507,itoman,20,26.12,127.67,JP,1595306881,84,89.6,3.36
508,akyab,100,20.15,92.9,MM,1595306881,84,81.36,11.61
509,olga,94,43.74,135.29,RU,1595306881,68,76.57,3.38
510,cayenne,73,4.93,-52.33,GF,1595306833,100,75.2,3.36
511,leningradskiy,0,69.38,178.42,RU,1595306882,63,47.34,11.34
512,solnechnyy,100,50.72,136.63,RU,1595306882,95,64.58,3.6
513,jibuti,1,11.5,42.5,DJ,1595306882,41,91.4,8.05
514,auki,50,-8.77,160.7,SB,1595306882,80,81.55,10.09
515,kalanguy,93,51.02,116.52,RU,1595306882,51,64.42,16.33
516,henties bay,0,-22.12,14.28,NA,1595306882,48,60.01,8.43
517,yerbogachen,77,61.28,108.01,RU,1595306882,46,66.87,9.93
518,oranjestad,20,12.52,-70.03,AW,1595306708,83,82.4,23.04
519,tilichiki,48,60.47,166.1,RU,1595306883,63,56.86,8.23
520,gorontalo,5,0.54,123.06,ID,1595306883,71,85.35,4.83
521,jagdalpur,100,19.07,82.03,IN,1595306883,70,83.71,12.19
522,lavrentiya,100,65.58,-171.0,RU,1595306883,78,46.36,2.44
523,da lat,85,11.95,108.44,VN,1595306707,90,71.31,3.53
524,ciudad bolivar,95,8.12,-63.55,VE,1595306883,85,77.11,7.96
525,kalmunai,100,7.42,81.82,LK,1595306883,64,86.47,6.38
526,isla mujeres,20,21.23,-86.73,MX,1595306883,78,82.99,8.55
527,upington,0,-28.45,21.26,ZA,1595306884,28,46.4,6.93
528,vestmannaeyjar,46,63.44,-20.27,IS,1595306884,69,49.08,1.86
529,wanxian,100,30.8,108.39,CN,1595306884,81,78.06,6.89
530,huaraz,0,-9.53,-77.53,PE,1595306884,49,50.0,5.03
531,palana,13,59.12,159.97,RU,1595306884,57,58.3,11.92
532,toktogul,39,41.87,72.94,KG,1595306884,51,70.59,2.17
533,araouane,83,18.9,-3.53,ML,1595306884,36,91.35,17.0
534,waldheim,71,51.07,13.02,DE,1595306884,87,60.01,2.39
535,springdale,1,36.19,-94.13,US,1595306884,65,80.6,5.82
536,blagoyevo,0,63.37,47.92,RU,1595306885,59,64.76,7.56
537,antalaha,16,-14.9,50.28,MG,1595306885,81,69.33,8.84
538,djambala,1,-2.54,14.75,CG,1595306885,87,66.09,3.33
539,nantucket,1,41.28,-70.1,US,1595306885,94,73.4,10.29
540,viedma,94,-40.81,-63.0,AR,1595306885,90,46.99,1.99
541,corrente,76,-3.74,-43.34,BR,1595306885,73,73.63,1.99
542,nhulunbuy,75,-12.23,136.77,AU,1595306885,61,80.6,14.99
543,san cristobal,100,7.77,-72.22,VE,1595306885,86,65.03,3.8
544,ust-nera,19,64.57,143.2,RU,1595306886,37,82.83,4.03
545,staryy nadym,100,65.61,72.68,RU,1595306886,70,57.63,10.42
546,sorland,100,67.67,12.69,NO,1595306886,76,53.6,2.24
547,ketchikan,90,55.34,-131.65,US,1595306886,100,57.2,5.82
548,nichinan,40,31.6,131.37,JP,1595306886,56,95.0,10.29
549,hovd,100,48.01,91.64,MN,1595306887,31,79.93,5.5
550,rawson,99,-43.3,-65.1,AR,1595306887,79,44.29,16.33
551,urazovo,0,50.08,38.04,RU,1595306887,67,68.65,5.66
552,sheltozero,100,61.37,35.37,RU,1595306887,68,65.53,4.07
553,otavi,0,-19.65,17.33,NA,1595306887,49,48.6,8.86
554,svetlogorsk,5,52.63,29.73,BY,1595306887,79,65.89,5.64
555,tuy hoa,68,13.08,109.3,VN,1595306888,55,89.96,7.76
556,kristiinankaupunki,64,62.27,21.38,FI,1595306888,89,62.08,7.61
557,san andres,40,12.58,-81.7,CO,1595306703,88,82.4,10.29
558,puerto madryn,82,-42.77,-65.04,AR,1595306645,84,43.81,13.87
559,sal rei,75,16.18,-22.92,CV,1595306888,78,78.8,9.17
560,naberera,93,-4.2,36.93,TZ,1595306888,84,57.47,10.6
561,veraval,19,20.9,70.37,IN,1595306888,70,85.82,11.86
562,mon,100,26.75,95.1,IN,1595306888,92,77.05,0.43
563,lensk,100,60.73,114.93,RU,1595306889,91,55.27,11.05
564,poum,77,-20.23,164.02,NC,1595306889,64,71.65,16.15
565,olinda,75,-8.01,-34.86,BR,1595306605,83,73.4,6.93
566,atar,10,20.52,-13.05,MR,1595306889,47,85.41,3.44
567,walvis bay,0,-22.96,14.51,NA,1595306889,25,62.6,10.29
568,erzin,3,36.96,36.2,TR,1595306889,74,81.0,3.31
569,dharchula,43,29.85,80.53,IN,1595306889,54,78.44,4.74
570,teacapan,85,22.55,-105.75,MX,1595306890,73,81.48,2.37
571,shimoda,75,34.67,138.95,JP,1595306890,88,79.0,1.12
572,linxia,73,35.6,103.21,CN,1595306890,43,77.09,1.61
